customerNumber,customerName,contactFirstName,contactLastName,city,country,creditLimit
1,"Ray, Collins and Huff",Kathryn,Odonnell,Gibsonland,Comoros,39703
2,"Avila, Aguilar and Gregory",Richard,Small,East Kelly,Greece,51478
3,"Ferrell, Harvey and Long",Erin,Larsen,East Edwardport,Anguilla,36262
4,"Jacobson, Marquez and Maxwell",Ann,Mcguire,South Jenniferton,Antigua and Barbuda,37435
5,"Hayes, Maxwell and Harris",Steven,Morales,Johnmouth,Peru,41009
6,Murphy-Morris,Christian,Crane,North Brian,Kuwait,38501
7,Brooks-Ramirez,Tina,Sanchez,South Amanda,Bouvet Island (Bouvetoya),63861
8,"Flores, King and Cunningham",Teresa,Holloway,Cameronville,Antarctica (the territory South of 60 deg S),57764
9,Arnold-Johnson,Christina,Wright,Reynoldsland,Portugal,40380
10,"Fernandez, Flynn and Baxter",Michelle,Bailey,Lake Terryport,Slovenia,56840
11,Henderson and Sons,Zachary,Clements,Christopherberg,Fiji,34343
12,"Meyer, David and Benson",Michael,Cox,South Josephland,Armenia,88151
13,Williams and Sons,Madison,Paul,Matthewtown,Falkland Islands (Malvinas),48206
14,Reed-Lam,William,Johnson,West Christine,Mauritius,9595
15,"Burke, Hughes and Gutierrez",Larry,Martinez,Westville,Iran,72881
16,Christensen Ltd,Joshua,Romero,West Shannon,Argentina,68785
17,Mcdowell-Dickerson,Christopher,Patterson,Reidborough,Jersey,49759
18,Thomas-Hernandez,John,Rodriguez,Parkchester,Jamaica,90117
19,"Cohen, Jones and Salazar",Tina,Richards,Port Philipport,Syrian Arab Republic,35460
20,Ponce LLC,Laura,Hunt,South Lindsaychester,Northern Mariana Islands,65613
21,Smith and Sons,Alexander,Drake,New Mariahaven,Svalbard & Jan Mayen Islands,52316
22,Aguirre-Haynes,Joseph,Murray,East Alexandriaberg,Rwanda,70102
23,Morris-Archer,Michael,Gonzalez,Stephenland,Slovenia,12536
24,Salazar-Montoya,Wendy,Park,South Daniel,Isle of Man,93838
25,Ramos Ltd,William,Horton,Port Dawnview,Sudan,28864
26,Bray PLC,Kristin,Collins,Jocelynhaven,Liberia,1317
27,James PLC,Brian,Kaufman,West Michael,Brunei Darussalam,65693
28,Bishop LLC,Phillip,Bryant,Port Matthewtown,Croatia,6382
29,Park LLC,Ashlee,Allen,Port Antonioborough,Norway,94345
30,Brown and Sons,Steven,Anderson,North Jesseburgh,Timor-Leste,33470
31,George PLC,Steven,Reed,Lake Cameron,Saint Vincent and the Grenadines,94313
32,Mcdonald-Anderson,Matthew,Carroll,South Robertburgh,Saint Kitts and Nevis,33391
33,"Villegas, Patterson and Walsh",Jennifer,Spencer,Mossbury,Iceland,60543
34,Bryan-Grant,Anthony,Blair,Villarrealmouth,Tanzania,50006
35,Pena LLC,Sonya,Hill,New Kristenhaven,Taiwan,74847
36,Lewis and Sons,Dylan,Gonzalez,Louisberg,Peru,85189
37,Kelly-Perkins,Daniel,Lin,New Beth,Morocco,15817
38,Diaz PLC,Curtis,Baldwin,Johnsonburgh,Myanmar,30523
39,Thomas-Martinez,Richard,Jenkins,Lake Grace,Japan,79179
40,Molina-Campbell,Carrie,Russell,Whitechester,Bouvet Island (Bouvetoya),8252
41,"Guzman, Coleman and Jackson",Kent,Richardson,Port Michelle,Burkina Faso,62107
42,"Vasquez, Clark and Perez",Robert,Williams,Lake Jameshaven,Argentina,1422
43,"Stewart, Cook and Mcneil",Donald,Raymond,Ronaldchester,Russian Federation,61409
44,Hicks PLC,Heather,Richardson,Frankfurt,Zimbabwe,47380
45,Griffin LLC,Debbie,Gomez,North Joshua,Guernsey,29691
46,"Tucker, Brown and Roberts",Patrick,Phillips,Mooreberg,Central African Republic,57639
47,Holmes Group,Rebecca,Reed,Jenniferton,Dominican Republic,86879
48,James-Bates,Tommy,Stuart,New Damon,Gibraltar,54199
49,Gregory-Hall,Daniel,Brown,Stevestad,Philippines,94155
50,Sheppard Group,Michael,Vaughan,Meyerfort,Tokelau,37799
51,Burgess Inc,Donald,Johnson,Chaneyland,Ecuador,55005
52,Ramirez LLC,Steven,Hodge,North Kelli,Netherlands,9700
53,"Brewer, Clay and Ortiz",Tammy,Parker,Brightmouth,Belarus,89634
54,"Perkins, Smith and Powers",Kimberly,Vasquez,Clarkbury,Palestinian Territory,79984
55,Livingston-Johnson,Scott,Fox,Wandatown,Serbia,16413
56,Carter-Williams,Emily,Porter,South Jenniferbury,Albania,87346
57,Mueller Inc,Jeffrey,Kelly,Katherinemouth,South Africa,47837
58,"Clay, Espinoza and Torres",Frank,Martinez,West Pennyport,Bosnia and Herzegovina,64498
59,Murphy-Combs,Beverly,Schmidt,Paigeland,Timor-Leste,72954
60,Benton Group,Megan,Parker,Huberton,Czech Republic,27096
61,Leach-Riley,Robert,Walker,South Adam,Malawi,98800
62,Wiggins LLC,William,Hess,North John,Poland,81690
63,Alexander-King,Anthony,Martinez,Sethstad,Ukraine,79808
64,"Wiley, Mullins and Vargas",Amy,Aguilar,Laurenshire,Tonga,98140
65,"Smith, Hart and Nelson",Karen,Taylor,South Caitlyn,Saudi Arabia,31805
66,Ferguson LLC,Bryan,Fletcher,Juanfort,Romania,36241
67,Wright-Wiggins,Jennifer,Gay,East Angie,Israel,96719
68,Moon-Hernandez,David,Mills,Lake Allisonbury,Belgium,75332
69,Cabrera-Rodriguez,Ashley,Gomez,Grayberg,Czech Republic,92232
70,Young Inc,James,Martinez,Alexandriaborough,Papua New Guinea,93312
71,Deleon Group,Phillip,Trujillo,East Alexandra,Mayotte,52562
72,Harris-Powers,Gregory,Hess,Howetown,New Zealand,3597
73,Thompson and Sons,Courtney,Day,Perkinsborough,Timor-Leste,8888
74,Adkins-Avila,Elizabeth,Thomas,East Lisa,Reunion,12553
75,Collins-Smith,Thomas,Lewis,Taylortown,Cyprus,39322
76,Miller-Thomas,Nathan,Barker,Hensonside,Romania,34984
77,Murphy Group,Scott,Smith,New Sheri,Georgia,99206
78,"Garcia, Jensen and Rosales",Laura,Hall,West Staceymouth,Andorra,49404
79,"Johnson, Lee and Harrell",Richard,Hess,East Victoriaville,Dominica,41653
80,Brown Inc,Andrew,Fitzgerald,North Jeffrey,French Guiana,68395
81,"Rios, Harris and Hernandez",Nicholas,Johnson,Dawsonhaven,Angola,76152
82,"Payne, Robles and Howard",Angela,Gardner,East Tracybury,Cambodia,65331
83,Henry-Hardin,Wesley,Carroll,North Louisborough,Paraguay,56267
84,"Carr, Thompson and Higgins",Joe,Henson,Jordanmouth,New Zealand,24647
85,"Holt, Lowe and Wilson",Robert,Arroyo,Port Renee,Senegal,20284
86,Powell PLC,Tara,Mckenzie,Hansenland,Liechtenstein,79700
87,Harris-Williamson,Anthony,Brooks,Jenningsburgh,Azerbaijan,57866
88,Pena Group,Cody,Newman,New Christopher,Greece,30215
89,"Pitts, Cooper and Garza",Aaron,King,South Chelseyside,Hong Kong,67566
90,French LLC,Johnny,Rios,Lake Jacobtown,Australia,76939
91,Morris-Spears,Nancy,Ramos,West Peterfurt,Jersey,71077
92,Peters-Walker,Tracey,Brown,Jacobtown,Latvia,16015
93,Anderson-Clark,Michelle,Ortiz,East Jeffreyburgh,Netherlands,12221
94,Robinson Inc,Krista,Browning,North Eriktown,Korea,88540
95,Stanley Group,Russell,Jones,Port Ryanborough,Egypt,88438
96,Phillips and Sons,Amanda,Howell,New Kevin,Iraq,48315
97,Sheppard-Wright,Andrew,Gonzalez,Raymondborough,Kazakhstan,49147
98,Roberts-Lynch,Yvette,Strong,New Holly,Niue,91216
99,Martinez Inc,Melissa,Hernandez,Port Trevormouth,Nepal,8945
100,White and Sons,Danielle,Cox,Codyside,Ethiopia,26192
101,Taylor Ltd,Brandi,Ward,East Andrew,French Polynesia,21493
102,Hill Group,Randall,Smith,New Ryan,Oman,37704
103,"Brown, Nguyen and Williams",Kaylee,Johnson,New Christopherville,Honduras,13942
104,Henry Inc,Kenneth,Hernandez,Lake Christopherstad,Bermuda,30029
105,Flynn-Stephens,Jimmy,Howard,East Amanda,Oman,74056
106,Peterson Ltd,Brenda,Ewing,Maliktown,Congo,6154
107,"Meyer, Perry and Howell",Miguel,Jennings,Christopherhaven,Greenland,85738
108,"Calderon, Howard and Davis",Annette,Martin,Watsonstad,El Salvador,11846
109,Gibson PLC,Scott,Vaughn,Courtneyhaven,Chile,97433
110,Lloyd-Mcintyre,Bobby,Brown,Lake Jeremy,Kazakhstan,4411
111,Shelton LLC,Andrea,Hill,Aaronview,Vietnam,50924
112,Armstrong PLC,Martin,Roman,Bobbyfort,Bangladesh,30278
113,"Morrison, Johnson and Hardin",Timothy,Mathews,Robersontown,Cuba,92791
114,"Graves, Bentley and Fletcher",Rachael,Smith,South Heather,Belarus,4700
115,Richards-Young,Yvonne,Jones,South Tiffanyshire,Chile,19468
116,Clark-Sanders,Vanessa,Peterson,Port Teresa,Seychelles,48813
117,"Hammond, Wilson and Golden",Alexandra,Bailey,Torresfurt,Nicaragua,61251
118,Owens-Rice,Paul,Bailey,Port Janet,Portugal,72144
119,Meyer Inc,Brittany,Maldonado,Sydneyhaven,Indonesia,93561
120,Reynolds-Smith,Sandra,Yang,North Michaelland,Lao People's Democratic Republic,18640
121,Daniel Ltd,Sheila,Johnson,Lake Christopher,Saint Martin,84865
122,"Blackburn, Collier and Garcia",Ashley,Thomas,Shaneburgh,Congo,31963
123,Duncan-Collins,Marie,Le,Anthonyberg,Puerto Rico,78026
124,Salinas LLC,William,Peters,South John,Mayotte,76931
125,"Martinez, Johnson and Adams",Amanda,Gonzalez,Stefaniebury,Lebanon,89040
126,Rodriguez-Allen,Renee,Moss,East Linda,Malawi,99763
127,Sampson LLC,Cody,Jones,Andrewside,Guadeloupe,29496
128,Rivas-Johnston,Nathan,Ware,Shawberg,Costa Rica,4334
129,Guzman and Sons,Rita,Thornton,East Josephtown,Heard Island and McDonald Islands,41452
130,Williams-Jones,Calvin,Calhoun,Hardyfort,Belgium,21161
131,"Baker, Ferguson and Bowman",Keith,Leonard,West Paulland,Brazil,46291
132,Dunn Inc,Ronald,Williams,Lake Alexanderchester,Tokelau,97250
133,Gardner and Sons,David,Cruz,Elizabethmouth,Nicaragua,96952
134,Atkinson Inc,Joel,Reed,South Jennifer,Montenegro,70378
135,"Ward, Haynes and Frey",Karen,Johnson,North Walterhaven,Niue,23527
136,Herrera Inc,Courtney,Walker,South Geraldfurt,Ireland,7059
137,Randall-Haynes,Jeffrey,Moore,Devonview,Estonia,34604
138,Perez-Jones,Nicholas,Barnett,Port Clifford,Anguilla,88672
139,"Hicks, Howard and Rivera",Emily,Brooks,Williamsport,Antigua and Barbuda,25368
140,Hanson Inc,Diana,Jackson,Vanessastad,Georgia,4465
141,Hudson-Harper,David,Krueger,North Haydenburgh,Tajikistan,52680
142,Martinez LLC,Dylan,Castillo,Snyderton,Canada,5401
143,"Thomas, Freeman and Martinez",Clayton,Ware,New Jessica,Norfolk Island,45746
144,Ramsey-Brown,Elizabeth,Donovan,South Nathan,Reunion,91011
145,"Reyes, Hall and Gonzalez",Lauren,Velez,Brianmouth,Jamaica,17515
146,Barnes-Alvarado,Kari,Oneill,Thomashaven,Iraq,16147
147,Long Group,Scott,Maddox,Port Timothy,Israel,69359
148,Roberts PLC,Cody,Thompson,Bradleyland,Palestinian Territory,62601
149,"Leblanc, Davis and Sloan",Barry,Stewart,Lake Anthonyfurt,French Polynesia,50273
150,"Edwards, Lowe and Russo",Robert,Grimes,Port Alexander,Comoros,10906
151,"Marks, Long and Sellers",Julie,Kirby,Matthewbury,New Caledonia,41222
152,Foster PLC,Scott,Ho,Lambton,Tuvalu,58898
153,"Smith, Thomas and Smith",Holly,Durham,North Kristifurt,Guinea-Bissau,50666
154,"Taylor, Dunlap and Buchanan",Robin,Smith,Jomouth,Malaysia,98263
155,Mejia LLC,Kelly,Parker,West Joseph,Namibia,6262
156,Williams-Gonzalez,Holly,Schmidt,Fischerview,Nigeria,19073
157,Jennings-Mccall,Jeremy,Hernandez,Arnoldbury,Samoa,40576
158,Jordan-Campbell,Laura,Gomez,South Jeremyton,French Polynesia,75876
159,Burton-Webb,Sarah,Rogers,Pattyton,Marshall Islands,36054
160,Fletcher-Gibson,Nicole,Wells,Dennismouth,Zambia,51266
161,Lawrence Inc,Julie,Davis,Cynthiafurt,Saint Kitts and Nevis,20665
162,Shepherd-Herring,Rhonda,Elliott,Kennedyborough,Cyprus,51363
163,"Roberts, Lopez and Garcia",Kelly,Munoz,South Louis,Bahrain,6002
164,"Clayton, Ramos and Pennington",David,Simmons,South James,Marshall Islands,6939
165,"Dunn, Dickerson and Lee",Kyle,Hinton,New Jenniferborough,Rwanda,29737
166,Hopkins-Jones,Thomas,Decker,South Leslie,Philippines,50404
167,"Johnson, Hayes and Andrews",Daniel,Ramirez,South Elizabeth,Guernsey,94778
168,Ibarra LLC,Kevin,Hanson,East Aliceton,Greece,22484
169,Stewart Ltd,Jessica,Marshall,North Cynthia,Guyana,51658
170,Knight-Hoffman,Amy,Armstrong,Port Lisa,Burundi,97808
171,"Yoder, Williams and Harvey",Tanya,Dixon,Andersonfurt,Liberia,40739
172,"Salazar, Johnson and Allen",Michael,Kane,Hicksview,Somalia,75019
173,Robertson-Berry,Michelle,Freeman,Lake Richard,Madagascar,59967
174,Tucker Ltd,Timothy,Miller,West Katherinestad,Chad,55737
175,Saunders Ltd,Meredith,Pratt,West Samanthachester,Tunisia,57212
176,"Scott, Williams and Khan",Michael,Randolph,Johnfort,Anguilla,77248
177,Henry Inc,Dustin,Sanders,Joneshaven,Cuba,30533
178,Parker-Waters,Ann,Graves,South Kennethshire,Suriname,94578
179,Anthony and Sons,Brandy,Watts,Lake Juliaview,San Marino,47592
180,"Horne, Hall and Hampton",Jennifer,Lamb,West Brian,Taiwan,2128
181,"West, Silva and West",Misty,Williams,East Jenniferchester,Taiwan,38986
182,Norman LLC,Emily,Johnson,South Tiffany,Turkey,69518
183,"Garcia, Gross and Mueller",Mary,Myers,West Jamie,Bosnia and Herzegovina,91762
184,Simpson Ltd,Sonya,Hart,Lake Jennifer,Dominica,11514
185,Cowan Inc,Jennifer,Armstrong,Amyfort,Central African Republic,23765
186,Becker-Thomas,Christopher,Santiago,East Robert,Malta,48018
187,Silva Inc,Marc,Bonilla,Spencershire,Syrian Arab Republic,94579
188,Brewer-Campbell,Roberta,Wood,South Matthew,Equatorial Guinea,33262
189,Todd Ltd,Andrea,Wade,Lake Robert,Reunion,19614
190,Wilson LLC,Bonnie,Ford,East Karlberg,Trinidad and Tobago,75894
191,Christensen-Whitaker,Brandon,Hernandez,Hollyview,United States Minor Outlying Islands,10337
192,Johnson-Webb,Megan,Mullins,South Brian,Saint Vincent and the Grenadines,83923
193,Williamson Ltd,Kristen,Mccall,Deborahfurt,Tunisia,87328
194,"Diaz, Freeman and Anderson",Carol,Ingram,South Parkerhaven,Indonesia,92282
195,Lane Ltd,Travis,Howard,Warrenchester,Canada,97665
196,Robertson-Simmons,Samantha,Oconnor,Port Trevormouth,Tajikistan,87238
197,Rhodes-Church,Heather,Fields,West Judy,Russian Federation,43828
198,"Gamble, Lee and Blair",Andrea,Bowers,Toddville,Guadeloupe,30368
199,"Lee, Smith and Johns",Chloe,Anderson,West Jessicashire,Bahrain,62251
200,Knight Ltd,Alice,Smith,Port Ianborough,Kenya,24570
201,Fisher-Henry,Angela,Kelly,Curtisshire,Martinique,10341
202,Grant and Sons,Monica,Harris,Port Theresa,Saint Lucia,49860
203,Lambert LLC,Alexander,Hayes,North Melanie,Australia,43703
204,Neal Ltd,Jose,Krause,Teresabury,Greenland,98975
205,Pittman PLC,Christopher,Harmon,Austinchester,Cyprus,33200
206,Leonard-Colon,Emily,Griffin,South Williamborough,Lithuania,65137
207,Bryant-Bradley,Sarah,Mercado,Jamestown,Cocos (Keeling) Islands,55992
208,Silva-Thompson,Jared,Rodriguez,Taylorfurt,Reunion,41806
209,"Huff, Mathis and Drake",Virginia,Tucker,Nelsonmouth,United States of America,73021
210,Sanchez-Williams,Tommy,Erickson,South Cindy,Portugal,63516
211,Hughes Ltd,Jennifer,Barker,New Kristie,Fiji,11953
212,Hays Inc,Heather,Brown,Sullivanside,Israel,28452
213,Barrett Group,Stephen,Mccormick,Gardnerside,Lao People's Democratic Republic,41149
214,Fields Inc,Robert,Simmons,Thomasstad,Finland,16321
215,Ray Ltd,Karen,Wright,North Andrea,Bosnia and Herzegovina,85067
216,Farley-Kennedy,Tonya,Saunders,North Stephanie,Colombia,30913
217,Herman PLC,Denise,Molina,Whitechester,Hungary,84494
218,Downs-Armstrong,James,Rivera,New Karen,Northern Mariana Islands,81166
219,Matthews-Hammond,Eddie,Holmes,Larrytown,Germany,61314
220,Schmidt-Mclaughlin,Mason,Johnson,Alexisfort,France,31326
221,"Jordan, Manning and Small",Edward,Maddox,North Samuelbury,South Georgia and the South Sandwich Islands,13967
222,"Brown, Gonzalez and Ward",Travis,Hicks,Virginiaside,Montserrat,71157
223,Bailey-Bennett,Kelly,Hammond,South Chadmouth,Uzbekistan,40051
224,"Mccormick, Mejia and Ford",Matthew,Glenn,Thomasmouth,Congo,28483
225,"Cooper, Prince and Thompson",Pam,Krause,Wilsonborough,Saint Martin,78267
226,West PLC,Kelly,Cox,Woodside,India,97293
227,Lopez-Thomas,Emily,Gardner,New Theresamouth,Vietnam,15591
228,Sparks Inc,Samuel,Ross,South Brianna,Oman,55425
229,"Morris, Chavez and Clark",Kelly,Rodriguez,Ramosberg,Wallis and Futuna,94634
230,Alvarado PLC,Amy,Page,Lake Paulberg,Vietnam,9821
231,"Robinson, Wood and Brady",Patricia,Cantrell,New Jeffrey,Suriname,94339
232,Romero-Thompson,Ruth,Yoder,Port Allisonchester,Tanzania,51676
233,Wilson Inc,Emma,Mcguire,North Rebecca,French Southern Territories,28152
234,Hunter Inc,William,Fitzgerald,Lake Mary,Gibraltar,44197
235,"Gallagher, Haynes and Jones",Michael,Rodriguez,Vazquezton,Armenia,66810
236,Gonzalez Inc,Mary,Ellison,Johnsonchester,Senegal,99090
237,Franklin-Gonzales,Jennifer,Estrada,New Sarahaven,Kazakhstan,89050
238,Evans Inc,Joseph,Davis,Johnberg,Greece,69097
239,Peck PLC,Alexander,Miller,North Heather,French Polynesia,84507
240,Harris-Martinez,Katrina,Spears,Sarahburgh,Spain,18107
241,Delacruz PLC,Jennifer,Watkins,Port Christina,Ireland,83005
242,"Barnes, Briggs and Roth",Brandon,Rodriguez,New Loriburgh,Israel,15159
243,"Wheeler, Thomas and Ochoa",Sandy,Mcdaniel,Snyderview,South Africa,5485
244,"Lee, Dunn and Brooks",Andrea,Mcdonald,Gordonfort,Aruba,27152
245,Brown Ltd,Nicholas,Yates,Port Cynthia,Zambia,88307
246,Preston PLC,Jennifer,Casey,Staffordshire,Afghanistan,19660
247,Simpson PLC,Amanda,Bentley,Stanleyview,Micronesia,14449
248,"Rodgers, Farrell and Robinson",William,Wells,East Samantha,Brunei Darussalam,57094
249,Martin PLC,Melvin,Adams,West Danielletown,Macao,8488
250,Davidson PLC,Julia,Solomon,Javierberg,Portugal,76453
251,Lee Group,Kara,Garcia,East Justinport,Australia,8447
252,"Lindsey, Bailey and Jordan",Cameron,Sullivan,Wardbury,Niue,65539
253,Brown Inc,Lisa,Morales,Davenportstad,Tuvalu,83021
254,"Taylor, Rodriguez and Evans",Lori,Thomas,Port Michele,Guinea,93457
255,Valdez Group,Kelly,West,New Katherine,United States Minor Outlying Islands,16630
256,"Cardenas, Guerrero and Cardenas",Anthony,Berry,Mariatown,Turkmenistan,41544
257,"Joyce, Jones and Castro",Michael,Anderson,Port Annfort,Macao,94203
258,Parrish-Solis,Natalie,Dougherty,Port Blakefort,American Samoa,54729
259,"Santiago, Cunningham and Larsen",Steven,Wilson,Donaldsonburgh,Guyana,42032
260,"Mullins, Hess and Williams",Mary,Carpenter,New Carlosbury,Wallis and Futuna,18669
261,Miller-Robertson,Richard,Sosa,Barbaramouth,Sri Lanka,93873
262,Hernandez PLC,Larry,Allen,East Olivia,Jamaica,90659
263,Martin Ltd,Victoria,Kennedy,Jasonburgh,New Zealand,36883
264,Edwards Group,William,Barnes,Carterport,Panama,64147
265,Quinn-Johnson,Michael,Russell,Donberg,Japan,81032
266,Chung-French,Dennis,Nichols,North Jerry,Barbados,49957
267,"Avila, Bright and Herman",Heather,Dorsey,Oliviaberg,Saint Kitts and Nevis,98882
268,Harris-Reynolds,Alyssa,Wood,Travisstad,Bangladesh,11039
269,"Meyer, Giles and Erickson",Jeffery,Lowe,Oliverville,Angola,71199
270,"Campbell, Hall and Cooper",Monique,Molina,Williamsburgh,Micronesia,87458
271,"Rice, Walton and Murphy",Debbie,Rogers,Andreaburgh,Ireland,79760
272,Scott Group,Joshua,Mccarty,Lake Robin,Somalia,68472
273,Hayes and Sons,Darryl,Dean,Cherylmouth,Algeria,77794
274,Abbott-Barker,Nicolas,Rogers,East Jerryview,Pitcairn Islands,86211
275,"Duncan, Fuentes and Phillips",Timothy,Poole,Melissamouth,Colombia,88530
276,Martinez-Williams,John,Alvarez,South Phillip,Guadeloupe,50697
277,Smith-Lloyd,Jasmine,Fisher,Jackview,French Polynesia,85018
278,"Preston, Hansen and Oliver",Heidi,Lopez,South Lisashire,Malawi,72294
279,Gomez-Salas,April,Benjamin,West Shirleyton,Djibouti,13552
280,Mcdowell-Torres,Jesse,Long,Austinland,Timor-Leste,72343
281,Garrett LLC,Makayla,Webster,New Melissaburgh,Papua New Guinea,32249
282,"Porter, Lamb and Thompson",Jeffery,Nicholson,Johnsonhaven,Cyprus,41524
283,"Martinez, Dickson and Beck",Leslie,Pearson,Gibsonhaven,Antarctica (the territory South of 60 deg S),48880
284,"Tucker, Moore and James",Robert,Bryant,North Keith,Antigua and Barbuda,6538
285,"Johnston, Graham and Weeks",Carmen,Baker,New Nicoleshire,Ukraine,28447
286,"Jones, Parker and Fuentes",Jonathan,Young,Rachelland,Afghanistan,96231
287,Nelson-Richardson,Kathy,Clarke,West Briannaland,Mexico,71613
288,"Henderson, Thomas and Clarke",Cory,Bean,East Kristyhaven,Iceland,48077
289,"Franklin, Bell and Ford",Amanda,Roberts,Pamelabury,Guyana,19960
290,Humphrey-Coleman,Victor,Cervantes,East Kimberly,Germany,29280
291,Schwartz-Williams,Briana,Hart,New Devin,Aruba,89409
292,Torres-Jones,Julia,Reyes,North Michael,Ecuador,58519
293,"Thomas, Cervantes and Santiago",Matthew,Pennington,South Robert,Slovakia (Slovak Republic),92104
294,"Morris, Ross and Dickson",Erica,Anderson,South Tarashire,Jamaica,4655
295,Huynh-Phillips,Mark,Fox,Pattersonburgh,Luxembourg,47201
296,Ortiz-Morales,Robin,Gutierrez,Jamesville,France,42001
297,"Nguyen, Williams and Dorsey",Gabrielle,Dorsey,Pageport,Pakistan,59248
298,Stone Ltd,William,George,Deannaside,Dominica,54341
299,Ramirez PLC,Martha,Morales,East Jenniferview,Chad,59993
300,"Bass, Boyd and Murphy",Judy,Middleton,Bowenburgh,Barbados,55314
301,"Martin, Lutz and Gibson",Emily,Campbell,East Jose,Saint Lucia,95594
302,"Smith, Hill and Mccormick",Jason,Anderson,South Laurenberg,Haiti,3751
303,Nelson PLC,Rebecca,Wong,Robertberg,Solomon Islands,47830
304,Bauer LLC,Ruth,Carter,Port Emily,Monaco,55221
305,Brooks Group,Sharon,Pearson,New Charles,Guam,19237
306,Cowan LLC,Richard,Allen,Port Patriciamouth,Cape Verde,36181
307,King-Adams,Lucas,Allen,Allenville,Mauritius,18237
308,"Whitehead, Allen and Gonzalez",Michelle,Proctor,Tuckerport,United States Minor Outlying Islands,49977
309,"Wallace, Kennedy and Ayala",Carolyn,Jimenez,Colemouth,Chad,23821
310,Harris LLC,Breanna,Dunlap,West Anitaberg,Malta,96001
311,"Crawford, Reese and Smith",Paige,Clark,North David,Andorra,88790
312,Moore-Rivers,Loretta,Bernard,Andersonborough,Isle of Man,93288
313,"Castro, Zimmerman and Ramirez",Brittany,Hill,Smithmouth,Puerto Rico,24560
314,Boyer LLC,Jacqueline,Eaton,Katherinehaven,Nicaragua,50506
315,"Woodward, Miller and Nguyen",David,Ramirez,Jonesport,Nigeria,90676
316,Kennedy Inc,Cathy,Jenkins,New Victoriaborough,Palestinian Territory,22529
317,Bennett-Russell,Christine,Mclaughlin,Orozcoview,Solomon Islands,17742
318,Hall Inc,Joshua,Haynes,East Lauraton,Mexico,69349
319,"Schultz, Allen and Merritt",Carol,Bruce,Randallchester,Puerto Rico,35303
320,"Brown, Perez and Jones",Ashley,Gallagher,Ericside,Lebanon,79866
321,"Patterson, Lee and Carson",Matthew,Wright,Gonzalezshire,Cambodia,88073
322,"Gonzalez, Wheeler and Bates",Andrew,Chavez,Bruceshire,Central African Republic,33369
323,Clark Ltd,Melissa,Nelson,Hopkinsville,Guatemala,59544
324,"Hardin, Davis and Russell",Caleb,Williams,Lopezville,Israel,69895
325,Watson Group,Stacy,Brewer,South Paul,Nicaragua,55121
326,"Hull, Wallace and Kidd",Charlotte,Rivera,Lawsonville,Spain,69397
327,Meyer LLC,Marissa,Myers,New Sandy,Australia,67077
328,Thompson LLC,Mark,Jones,Brendaborough,Poland,96872
329,Sullivan Group,Terri,Jenkins,West Brianchester,South Georgia and the South Sandwich Islands,79088
330,Randolph Ltd,Travis,Rios,Hillport,Kenya,91728
331,Taylor-Hurley,Jennifer,Armstrong,East Jackfort,Spain,38969
332,"Young, Schroeder and Le",Jessica,Montoya,Austinfort,Western Sahara,70660
333,"Castillo, Collins and Robinson",Joseph,Schmitt,West Hollymouth,Congo,74897
334,Pope-Flores,Laura,Brown,Taylorberg,Panama,32585
335,Wiggins LLC,Teresa,Edwards,North Austin,Suriname,80034
336,Richardson-Bates,Nicole,Huffman,Edwinport,Brunei Darussalam,34167
337,Rodriguez and Sons,Daniel,Pittman,Tonyaside,France,43599
338,"Rangel, Duffy and Moore",Jeff,Roth,Boyleside,Czech Republic,36571
339,Miller-Jackson,Mariah,Delgado,Russelltown,Montenegro,78133
340,"Smith, Sullivan and Garner",Angela,Mckee,Lake Kristen,Chile,66859
341,"Horton, Jimenez and Silva",John,Wang,Jameschester,Gibraltar,25763
342,"Orr, Bates and Dennis",Tom,Myers,New Melissa,Morocco,71318
343,Marshall-Palmer,Brett,Hines,North Carlabury,United States Virgin Islands,36607
344,Perry Inc,Sierra,Lopez,Hallchester,Uruguay,53561
345,"Johnson, Fernandez and Gonzalez",Julian,Spears,Smithfort,Suriname,72260
346,Taylor-Peters,Timothy,Hardy,Adamsport,Northern Mariana Islands,27593
347,Drake Inc,Robert,Webb,Johnsonfurt,Gibraltar,90342
348,Farmer PLC,Sarah,Parks,South Benjaminton,Sri Lanka,24286
349,Walsh LLC,Charles,West,North Jacobside,Uganda,56200
350,Edwards Inc,Shelby,Hurley,South Joelborough,Bolivia,76034
351,Marshall Group,Angela,Crawford,West Teresaburgh,Mauritius,86979
352,Davis Group,Daniel,Mccormick,West Luisburgh,Faroe Islands,25728
353,"Neal, Knapp and Peterson",Andre,Petersen,Rosston,Uzbekistan,42560
354,Baker-Evans,Kaylee,Stokes,Toddtown,New Caledonia,6313
355,Ball PLC,Alyssa,Wilson,Lake Shelley,Liberia,42866
356,Jackson Group,Andrew,Baker,West Jill,Antigua and Barbuda,26200
357,Johnson Group,Gregory,Hayes,North Jonathan,Vietnam,52202
358,Johnson-Dawson,Tiffany,Campbell,Cainview,Macao,33893
359,Lowe Group,Vickie,Craig,Evanbury,Reunion,97325
360,"Wilcox, Orozco and Estrada",Brianna,Newton,Christophershire,China,56185
361,Hays LLC,Ashley,Rios,New Tamarahaven,Norway,47274
362,"Powell, Sandoval and Smith",Tracy,Schmitt,North Emily,Nigeria,82178
363,Hughes and Sons,Adam,Morrow,West Michellebury,Hungary,61664
364,Woodard-Pearson,Joseph,Heath,Dillonview,Cote d'Ivoire,27314
365,Thornton and Sons,Scott,Sanchez,Bennettfurt,Colombia,59620
366,Marks Inc,Adrienne,Torres,East Michaelland,Malawi,83388
367,Horn-Valencia,John,Robinson,Lewisborough,Western Sahara,91826
368,Fernandez Inc,Ryan,Brewer,Port Jocelynport,Oman,16806
369,"Callahan, Reed and Lee",Jennifer,Mendoza,Sanchezbury,Gibraltar,41619
370,Morgan-Armstrong,Erin,Bradford,New Brooke,United States Minor Outlying Islands,1398
371,Andersen LLC,Melanie,Austin,Melissaborough,Congo,56690
372,Bauer-Reed,Samuel,James,Shelbyton,Tonga,30036
373,Vang-Espinoza,David,Anderson,Port Heidistad,Central African Republic,99699
374,Ramirez LLC,Connie,Cummings,Paulshire,Colombia,13143
375,Jordan-Gonzales,Timothy,Glover,Port Sabrinabury,Mayotte,56245
376,Hodge-Nixon,Kenneth,Shields,Davidsonport,French Guiana,3529
377,Thomas-Webb,Corey,Garcia,South Lawrenceville,Angola,33160
378,"Powers, Johnson and Padilla",Cynthia,Gray,Sydneyton,Iran,1791
379,Garcia-Scott,Mike,Garcia,Port Courtneyside,Jamaica,45517
380,"Mclaughlin, Arnold and Carr",Steven,Wood,East Cameron,Iran,75901
381,Murphy and Sons,Brett,Green,Robertborough,Latvia,29973
382,Dean Ltd,Erin,Evans,Martinville,Tokelau,63949
383,Garcia-James,Andrew,Dixon,South Jessica,Saint Vincent and the Grenadines,59037
384,Delgado PLC,Sherri,Rojas,Kevinstad,Yemen,61237
385,"Ward, Vega and Martin",Jason,Randall,Jamesborough,Macedonia,45141
386,"Henderson, Walter and Green",Melissa,Dixon,Cummingsshire,Niue,53300
387,Alvarez-Bean,Aaron,Cook,Anthonystad,Mauritania,82171
388,"Marshall, Morgan and Clarke",Derek,Larson,Aaronburgh,Macao,25892
389,"Jenkins, Brown and Patterson",James,Douglas,Joshualand,San Marino,96123
390,"Webster, Lewis and Page",Levi,Lyons,South Gregoryfurt,Germany,27226
391,Jones Inc,Melanie,Jennings,Reedstad,Iran,90035
392,"Holloway, Mullen and Howard",Douglas,Lee,West Adrianside,Sao Tome and Principe,63719
393,York-Thompson,Christopher,King,Munozmouth,France,62160
394,Barker-Floyd,Amanda,Hill,West Lisaside,Sierra Leone,20101
395,Rodriguez-Anderson,Alicia,Powell,Nelsonland,Micronesia,27885
396,Hawkins LLC,Richard,Rogers,East Kevinhaven,Heard Island and McDonald Islands,27267
397,Carter-Mitchell,Amanda,King,Port Dustin,Belgium,73787
398,Wilson Inc,Rebecca,Torres,Lloydton,Greece,56851
399,"Roman, Smith and Duncan",Victor,Baxter,West Georgebury,Pakistan,77123
400,Collier-Sparks,Jessica,Navarro,East Christopherland,Pitcairn Islands,32286
401,Alvarez-Hanson,Jamie,Morrison,New Kathleenshire,Luxembourg,26869
402,Frazier and Sons,Jason,Spencer,Colebury,Korea,29288
403,"Kelley, Davis and Martin",Shawn,Morales,East Jessica,Ireland,87963
404,Miller-Carrillo,Reginald,Adams,Huffland,Tajikistan,6061
405,"Hale, Johnson and Rogers",Aaron,Davis,Zamorabury,Thailand,62521
406,"Dean, Whitaker and Coleman",Monica,Salinas,New Tammy,Morocco,86536
407,"Maldonado, Hill and Edwards",Cameron,Brown,Littleside,Slovenia,55435
408,"Grant, Silva and Berry",Samantha,Barnes,South Nicolefurt,Malawi,47690
409,"Phillips, Gonzalez and Hicks",Joshua,Marsh,South Dylanshire,Comoros,2455
410,Rodriguez PLC,Mary,Marshall,North Curtis,Cyprus,43455
411,"Hall, Garrett and Johnson",Sharon,Smith,Port Joanna,Pakistan,27015
412,Miller-Marshall,Michelle,Norris,Desireeton,Bermuda,69732
413,Dunn and Sons,Cassandra,Strickland,Nguyenfort,Indonesia,7230
414,Peck-Johnson,Aaron,Nelson,Hamptonberg,Seychelles,57689
415,Santos LLC,Anna,Rivera,Williamsmouth,Saint Martin,7745
416,"Nicholson, Taylor and Sanchez",Stacy,Reese,Port Tiffany,Grenada,62256
417,Anderson Ltd,Andrew,Barnes,Castillomouth,Antigua and Barbuda,39655
418,Nelson Inc,Mandy,Ramsey,South Jennifer,Albania,9136
419,Hayden and Sons,David,Conrad,South Robert,Cameroon,50648
420,Coffey LLC,Nicholas,Mckay,Dayton,Australia,51094
421,Gonzales-Dean,Nicole,Little,Whitetown,India,7131
422,Sanchez LLC,Sandra,Hill,East Mary,Portugal,43387
423,"Hill, Huber and Allen",Rebecca,Ford,New Thomas,Antarctica (the territory South of 60 deg S),4356
424,"Carter, Carpenter and Rosales",James,Wolfe,South Catherine,United States Minor Outlying Islands,29610
425,"Conner, Scott and Buchanan",James,Peters,Melissamouth,Cambodia,41250
426,Johnson-Park,Tiffany,Smith,East Laura,Greece,82961
427,"Anderson, Camacho and Daniels",Vickie,Osborne,South Sydney,Serbia,96263
428,"Fisher, Perez and Jones",Kathy,Jones,New Christopherville,Ireland,47590
429,Cruz-Poole,Jordan,Allison,West Angela,Grenada,93352
430,Thompson PLC,Kathleen,Gomez,New Teresaview,Turkmenistan,61952
431,"Bright, Jones and Martin",David,Stewart,Wilsonside,Togo,16773
432,Rodgers-Galloway,Jerry,Gomez,New Rebecca,Tanzania,50766
433,Khan-Jackson,Christina,Perkins,North Thomas,Pitcairn Islands,89174
434,Hodge-Case,Kimberly,Orozco,New Joseph,Brunei Darussalam,40950
435,"Livingston, Richards and Jones",Thomas,Miller,Martinfort,Korea,7846
436,Flores-Jennings,Stephanie,Torres,Taylorbury,Hong Kong,68930
437,Clark and Sons,John,Sandoval,Norrisville,Mozambique,80340
438,Phillips-Harper,Gerald,Woods,Lauraport,Turks and Caicos Islands,73283
439,"Taylor, Flores and Boyd",David,Velasquez,East Robert,Mali,52767
440,Liu-Stevens,Andrew,Sullivan,Andersonstad,Ghana,87501
441,"Jenkins, Davis and Robinson",Thomas,Boone,Lake Gregoryburgh,Djibouti,64206
442,Gray-Barker,Richard,Russell,Port Shelby,Cayman Islands,73511
443,"Harris, Lopez and Francis",Tina,Walsh,Shermanmouth,Portugal,63371
444,Smith-Morgan,Caleb,Wilson,Stevenville,Guadeloupe,57149
445,"Mcconnell, Bowers and Morgan",Samantha,Gallagher,Tammyburgh,Tuvalu,34591
446,"Torres, Miller and Jones",Jacob,Robinson,Scottbury,Wallis and Futuna,28406
447,Porter PLC,Mary,Williams,Manuelstad,Jersey,68390
448,Pope-Garza,Amanda,Moore,Wesleytown,Heard Island and McDonald Islands,91811
449,"Frazier, Wilson and Williams",Alexander,Henderson,East Vicki,British Indian Ocean Territory (Chagos Archipelago),2683
450,Massey Inc,Carlos,Rhodes,Cruzfurt,Ukraine,60323
451,Wright LLC,Connor,Ramirez,New Michelle,Tokelau,76524
452,Taylor Ltd,Ruth,Washington,Granttown,Paraguay,76176
453,Carr-White,Michael,Thornton,East Kevinville,Cuba,67888
454,Curtis LLC,Kim,Macias,Smithfort,Sao Tome and Principe,16843
455,Wright Ltd,Michael,White,West Haley,Suriname,56467
456,Hughes Group,Justin,Smith,Davidport,Uganda,77920
457,Hampton-Cruz,Susan,Bryant,East Joelfurt,Christmas Island,63858
458,"Rocha, Cruz and Wolf",Christopher,Williams,Port Tanya,Mauritius,53328
459,Mitchell Group,David,Blackwell,Shawmouth,Tuvalu,74525
460,"Miller, Huynh and Clarke",Jessica,Evans,New Rebecca,Seychelles,41838
461,"Wilson, Alvarez and Walker",Tony,Stout,West Laura,Azerbaijan,56847
462,Miller-Marsh,Michael,Allen,Donnabury,Isle of Man,1901
463,Graves LLC,Casey,Kennedy,East Ericfurt,Cayman Islands,8128
464,Gutierrez LLC,Patricia,Gonzalez,Nicoleview,Kuwait,54795
465,"Henry, Davis and Bolton",Heather,Barrera,New Keithborough,Namibia,75919
466,Rodriguez PLC,Omar,Hawkins,South Christinefort,Saint Pierre and Miquelon,40297
467,Taylor-Medina,Valerie,Hall,Shorthaven,Chile,67779
468,"Hunter, Murphy and Holloway",Timothy,Martinez,Lisaville,Latvia,90691
469,"Reynolds, Gomez and Frost",Maurice,Pacheco,Port Joshua,Seychelles,69450
470,"Holland, Bailey and Green",Michael,Morris,Francisville,Saint Pierre and Miquelon,27256
471,"Paul, Walsh and Taylor",Jason,Thomas,Huangtown,El Salvador,80669
472,Weaver-Romero,Stephanie,Adams,Chadport,Pitcairn Islands,61358
473,"Strong, Miles and Salas",Alexis,Warren,North Tiffany,Estonia,66363
474,"Vasquez, Coleman and Johnson",Cathy,Allen,North Anne,Malaysia,2727
475,Frost and Sons,Paula,Miller,Lake Kevinhaven,Gabon,63711
476,"Smith, Brady and Turner",Kristin,Kennedy,Caseburgh,Lebanon,72439
477,Brooks-Ferguson,Teresa,Williams,Melindaside,Philippines,76581
478,"Robinson, Smith and Rowland",Tammie,Burnett,West April,Lithuania,28453
479,Walker-Schmidt,Shawn,Pollard,East Tina,Brunei Darussalam,54497
480,"Taylor, Russell and Brady",Joanne,Miller,Michaelhaven,Angola,86193
481,Martinez LLC,Mark,Miller,Smithfort,Romania,78226
482,Watson and Sons,Michael,White,West Timothy,Bosnia and Herzegovina,9292
483,"Sherman, Kennedy and Young",Elizabeth,Kelley,New Elizabethland,Saudi Arabia,77402
484,Smith-Lopez,Andrew,Robinson,South Jessica,Mexico,18641
485,Kelley-Long,Donna,Williams,Perezborough,Tuvalu,82361
486,Dyer-Lewis,Ashley,Cortez,Georgeton,Niue,86492
487,"Bartlett, Robinson and Salazar",Amanda,Wong,North Brian,Benin,77681
488,Ramos-Washington,Paul,Norton,West Maria,Trinidad and Tobago,55564
489,Kirby-Stevens,James,Fields,Heidichester,Denmark,48351
490,"Knight, Knox and Montgomery",Ryan,Walker,East Jimmyland,Malta,90603
491,"Davis, Murray and Campos",Darius,Mills,Jefftown,Haiti,20499
492,Woodward-Whitaker,Frances,Colon,West Andrewborough,Uganda,4660
493,Collins-Soto,Christian,Williams,Lake Nicole,Gabon,18305
494,Blevins Inc,Matthew,Smith,North Josephton,Bouvet Island (Bouvetoya),6683
495,"Lee, Rogers and Price",Courtney,Neal,North Jacqueline,British Indian Ocean Territory (Chagos Archipelago),32212
496,Young-Goodwin,Lonnie,Russell,Lydiatown,South Africa,20874
497,Hogan-King,Warren,Parker,North Barbaraborough,Netherlands,12778
498,Richardson Inc,Mallory,Tucker,Thomastown,Bosnia and Herzegovina,11479
499,Faulkner-Pena,Mario,Klein,Moralesmouth,New Caledonia,27176
500,Wallace LLC,Megan,Lee,Alexchester,Botswana,78963
501,Perez-Garrett,Matthew,Lowe,West Robert,Christmas Island,2090
502,Nelson-Mosley,Darius,Saunders,Port Katherine,Portugal,24266
503,Graham-Mitchell,Steven,Edwards,Taylorburgh,Cape Verde,67572
504,Herring-Green,Thomas,Bates,Claytonborough,Lithuania,88927
505,"Mason, Barnes and Rodriguez",David,Smith,Port Donald,Dominican Republic,45243
506,"Suarez, Pierce and Adams",Samantha,Welch,Richmondtown,Faroe Islands,37182
507,Simon-Jones,Rodney,Diaz,North Alexandraborough,Venezuela,57726
508,Miller-Delgado,Jennifer,Miller,Johnsonborough,China,81245
509,Nash-Arnold,Steven,Hall,South Williamtown,Jamaica,98932
510,"Jackson, Downs and Elliott",Carmen,Clark,Porterview,Macao,85737
511,Armstrong-Campos,Andrea,Allison,Robinsonton,Guam,7631
512,Mejia Inc,Richard,Simon,Bergfort,Norfolk Island,45123
513,Evans and Sons,Cory,Ballard,East Meganburgh,Dominican Republic,30102
514,Fisher-Baker,William,Hickman,New Danatown,Nigeria,79498
515,Gray Group,Margaret,Gardner,Nashtown,Fiji,22103
516,Bryan PLC,Marie,Moore,Gonzalezmouth,Tunisia,17538
517,"Allen, Koch and Simpson",Stephanie,Randolph,East Vickieville,Croatia,18343
518,"Gutierrez, Mason and Carr",Dan,Davis,Wendyland,Malawi,28671
519,Walker-Hughes,Jesus,Weber,East Brendaland,Georgia,87129
520,Page-Gross,Lori,Boyd,North Michelle,Saint Barthelemy,98802
521,Jones-Hall,Ann,Reyes,West Caitlinborough,Kenya,73865
522,Escobar-Dunn,Jesse,Webster,Davidport,Azerbaijan,83099
523,"Strickland, Wright and Stevens",Ronald,Myers,Whiteheadstad,Mali,16940
524,Brandt-Nolan,Ana,Gray,Morganside,Bahamas,46713
525,"Wilson, Golden and Williams",Maria,Garcia,Youngside,Hungary,34987
526,Bell Inc,Barbara,Williams,Franciscoside,Nigeria,93836
527,Nelson and Sons,Ashley,David,Port Johnside,Guadeloupe,60955
528,"Hardin, Cardenas and Webb",Jessica,Wells,Wilsonview,Nepal,3810
529,Norris-Figueroa,David,Ellis,Lake Brent,Kuwait,34650
530,"Mora, Cortez and Donaldson",Kendra,Neal,Christinaport,Moldova,61991
531,Kidd Group,Melissa,Smith,North William,Guatemala,50809
532,Pope and Sons,Margaret,Gardner,Justinville,El Salvador,27432
533,Wilson-Jackson,Bradley,Gilbert,Lake Stephanie,Malta,90183
534,Garcia PLC,Christine,Stanley,South Pamland,Saint Pierre and Miquelon,86893
535,Hanson Inc,Erin,Tate,Alexandraport,French Guiana,93190
536,"Garcia, Lee and Park",Joann,Lopez,East Madelineview,Gambia,68768
537,Smith PLC,Brandy,Kline,Jacobstad,Vietnam,90608
538,Nichols-Pugh,Alex,Reyes,Kevinborough,Saint Helena,68521
539,Ware Group,Sarah,Baxter,Barbaraport,Russian Federation,76189
540,Herman LLC,Michael,Ortega,Port Dianaland,Netherlands Antilles,70527
541,"Lee, Miller and Green",Brandon,Garrett,Josephshire,Iceland,51622
542,Williams-Henderson,Heather,Woods,Port Joanneside,Portugal,22363
543,Lewis PLC,Craig,Benson,East Kristin,Mauritius,58632
544,"Griffin, Lawrence and Carney",Scott,Hall,Harrisfurt,Aruba,45990
545,"Knight, Stephens and Willis",April,Camacho,Brandonstad,Pitcairn Islands,90813
546,"Hunter, Jenkins and Jones",Debra,Webb,West Brandon,Cyprus,6563
547,Davis Ltd,Adam,Crawford,West Amanda,Azerbaijan,60925
548,Kennedy-Quinn,Jeffrey,Lewis,West Jennifer,Taiwan,69034
549,Brown-Atkins,Sarah,Hernandez,North Tami,Jamaica,94102
550,Miller-Lane,Meredith,Hernandez,Kellyborough,British Indian Ocean Territory (Chagos Archipelago),64493
551,Yang and Sons,Joseph,Vasquez,Phillipsport,Ethiopia,44258
552,"Nichols, Daniels and Mcguire",Steven,Moore,New James,Eritrea,16857
553,"Smith, Pearson and Heath",Tonya,Walker,Port Nathan,Brazil,24678
554,"Nichols, Smith and Becker",Mark,Jones,Smithmouth,Rwanda,48336
555,Moore-Glover,Kenneth,Ashley,Rodriguezside,Angola,90498
556,Mcdowell-Fuller,Corey,Lawrence,Amandafort,Tonga,21297
557,Daugherty Ltd,Ryan,Williams,Port Kellytown,Azerbaijan,97289
558,"Clark, Flynn and Robinson",Ashlee,Contreras,North Margaret,Macao,11661
559,"Harvey, Lopez and Galloway",Laura,Randall,Millerport,Greenland,1877
560,"Lam, Lawrence and Morales",Jerry,Martinez,South Deniseshire,Mali,57746
561,Khan-Dalton,Kayla,Lynch,Wilsonmouth,British Indian Ocean Territory (Chagos Archipelago),67921
562,Montgomery-Rhodes,Natalie,Montgomery,New Ronald,Antarctica (the territory South of 60 deg S),55460
563,Krause Ltd,Devin,Kline,South Douglasside,Gambia,31762
564,Ramirez Ltd,Dennis,Walsh,South Nicoleburgh,Jordan,12371
565,Blake and Sons,Shannon,Foster,New Diane,Somalia,18946
566,Jones Ltd,Brian,Roberts,North Mariaville,Liberia,76854
567,Berry-Perry,William,Daniel,Thomasshire,Cyprus,48451
568,"Rivera, Gray and Chambers",Erin,Parker,Carlsonside,Bahrain,78024
569,Wilson Inc,Nathan,Byrd,North Tom,Niue,78431
570,Thomas and Sons,Thomas,Williams,Williamchester,Saint Kitts and Nevis,20859
571,Porter-Hodges,Lauren,Walls,Port Seanhaven,Andorra,22074
572,"Brown, Martinez and Joseph",Ronald,Bell,Foxfurt,Holy See (Vatican City State),70672
573,Martinez Ltd,Gregory,Navarro,North Aprilshire,Congo,4381
574,Ryan-Howe,Andrew,Boyd,Hessfurt,Greece,34751
575,Sanchez-Boyd,Marissa,Johnson,South Ryan,Oman,21837
576,Diaz-Thomas,Nicholas,Malone,Port Kyle,Bulgaria,38189
577,"Walker, Lee and Hughes",Jerome,Hicks,North Adamtown,Monaco,23379
578,Mendez-Baker,Annette,Young,West Anne,Hungary,18934
579,"Hahn, Dominguez and Hickman",Michael,Nelson,Lake Kevin,Haiti,15865
580,"Mclaughlin, Chang and Meyer",John,Thomas,Lake Donald,Zambia,57868
581,Kennedy Ltd,Michael,Cox,Brendaside,Venezuela,69383
582,Vasquez Group,Sandra,Chung,South Andreaside,Hungary,90841
583,"Garcia, Robinson and Russell",Kimberly,Williams,South Paul,Saudi Arabia,74854
584,Mcdonald PLC,Penny,Burton,Schultzfort,Timor-Leste,52450
585,Jackson-Jones,Robert,White,Mahoneyborough,Monaco,3307
586,"Jackson, Simmons and Williams",Robert,Mccoy,Thompsonburgh,Maldives,55275
587,Dougherty LLC,Holly,Johnson,Port Christopher,Holy See (Vatican City State),42036
588,Barnett-Blackwell,Stacy,Parker,Jacobborough,San Marino,50924
589,Shepherd-Henderson,Gloria,Dean,Christiantown,Barbados,87596
590,Smith Inc,Gerald,Short,Rosefort,Maldives,51513
591,"Jackson, King and Maddox",Rickey,Sanders,Peterbury,Hungary,18337
592,Sanders-Williams,Jay,Townsend,Cooperfort,Aruba,7530
593,"Wilson, Ward and Hancock",Derrick,Green,Rebekahfurt,Cote d'Ivoire,6843
594,"Castro, Davis and Ross",Joseph,Smith,Riverachester,Grenada,90704
595,Simpson Group,Karen,Lopez,Lake Lauren,Bolivia,11134
596,"Perez, Wells and Rubio",Louis,Griffin,Frankberg,Taiwan,12338
597,Gregory Group,Natalie,Lindsey,West Alejandro,United Arab Emirates,98739
598,Phillips PLC,Johnny,Rosario,Geneville,Angola,26811
599,Nicholson PLC,Dawn,Hayes,Trevinofurt,Morocco,60837
600,Smith-Barnes,Stephanie,Mcpherson,South Johnathantown,Marshall Islands,93289
601,"Smith, Burton and Miller",Aaron,Gilmore,Monicahaven,Madagascar,55195
602,"Francis, Jones and Davis",Ryan,Morris,Michaelstad,Netherlands Antilles,28767
603,Cabrera Ltd,Christopher,Rhodes,Milesfurt,United States of America,79960
604,Riley Group,Kenneth,Craig,Lake Ryanland,Myanmar,24733
605,"Parker, Rodgers and Myers",Meagan,Brown,Ariasville,Georgia,67367
606,Gilmore Inc,Gregory,Chaney,Rhodesshire,Mali,56013
607,Cruz-Pearson,Elaine,Mathews,Sherryshire,Denmark,16787
608,"Burton, Clayton and Collins",Adam,Smith,Gregoryfurt,United States Minor Outlying Islands,18730
609,Mccoy LLC,Charles,Myers,Danielborough,Ghana,53276
610,Martin Ltd,Donald,Skinner,Port Crystal,Saint Vincent and the Grenadines,23009
611,"Johnson, Williams and Thomas",Kimberly,Pittman,Morganport,Monaco,80066
612,Johnson-Zhang,Lisa,Burns,North Michellemouth,Togo,1676
613,Burgess-Henry,Ryan,Martinez,Lake Rachelmouth,Cayman Islands,1563
614,"Lopez, Ramirez and Nichols",Austin,Gibson,Floreschester,Bahamas,65815
615,"Mendez, Wright and Wright",Samuel,West,South Matthewstad,Ghana,23783
616,Kennedy-Beltran,Anthony,Turner,Morrisshire,Equatorial Guinea,62372
617,Mcbride-Pollard,Belinda,Rice,Lake Samuel,Taiwan,86417
618,Bryant-Hobbs,Ashlee,Lopez,East Andreahaven,Bulgaria,28601
619,"Wheeler, Ryan and Gill",Hunter,Flores,Wallacetown,Madagascar,47906
620,Anderson-Ochoa,William,Porter,North Jessicaton,Iraq,27403
621,Dalton-Moore,Jennifer,Davis,Garciafurt,Northern Mariana Islands,55474
622,Miller LLC,Robert,Pittman,Kennethtown,Jordan,52049
623,Davis-Jones,Denise,Powell,Lake Jasonside,Svalbard & Jan Mayen Islands,96628
624,Webb-Maldonado,Christopher,Brown,Andrewsshire,Uruguay,90361
625,Avila-Holmes,Jeremy,Warren,West Annbury,Afghanistan,88296
626,Richards-Hanna,Walter,Steele,Phillipsfurt,Saudi Arabia,48524
627,Woods-Little,Jason,Garcia,Port Lisa,Guatemala,94847
628,Boone and Sons,Jacqueline,Brown,Port Samanthaberg,Reunion,88226
629,"Thomas, Murray and Castillo",Matthew,Schmidt,West Coreybury,Svalbard & Jan Mayen Islands,42940
630,Gonzalez-Small,Candace,Schultz,North Christinachester,Mali,98963
631,Wilson Group,Rebekah,Arias,Kellyside,Heard Island and McDonald Islands,25415
632,Sullivan and Sons,Thomas,Rivas,Carrieport,Hong Kong,94773
633,Jones-Brown,Travis,Stone,Williambury,Rwanda,35121
634,"Collins, Ross and Salazar",Gary,Osborne,Milesview,Hong Kong,23458
635,Smith-Silva,Jennifer,Smith,Toddbury,Turkmenistan,20202
636,Burns Group,Jessica,Garcia,New Leah,Slovakia (Slovak Republic),50950
637,Reyes Group,Patricia,Anderson,Vanessaborough,Iceland,81059
638,Campos-Doyle,Christina,Glass,Frankfurt,Grenada,61876
639,King-Daniels,Ashlee,James,North Lisachester,India,87116
640,"Thompson, Green and Harris",Danielle,Pierce,North Alexanderberg,Greenland,94001
641,Taylor and Sons,Amber,Johnson,Cantustad,Barbados,8951
642,Elliott-Dawson,Robert,Alvarado,Robertsonburgh,Germany,72501
643,Howell-Neal,Danielle,Elliott,South Paulton,Cote d'Ivoire,75652
644,"Ward, Tran and Brown",Jennifer,Mccarthy,South Alejandrobury,India,38172
645,Barnes-Baxter,Anthony,Bryant,Jennifermouth,Senegal,42054
646,Welch PLC,Mary,Navarro,Jeffreyton,Taiwan,92777
647,Bradshaw Ltd,Larry,Anderson,Lake Darrylside,Syrian Arab Republic,64272
648,Dominguez Group,Susan,Brown,Popeborough,British Virgin Islands,95227
649,Davenport-Adams,Wayne,Downs,Knappton,Philippines,59140
650,Daniel PLC,David,Moore,Seanton,British Indian Ocean Territory (Chagos Archipelago),60148
651,Jackson Ltd,Monica,Woods,East Patrickton,Estonia,43559
652,Marshall Inc,Jason,King,Castillofurt,Cote d'Ivoire,97381
653,Silva LLC,Chelsea,Fox,Lake Frank,Hong Kong,83686
654,Best-Garcia,Sue,Medina,Samanthastad,Japan,53669
655,"Nunez, Pearson and Campbell",Nathan,Serrano,New Christopherberg,Antigua and Barbuda,27065
656,Miller-Mcclure,Amanda,Wade,New Kimberly,Palestinian Territory,25978
657,Potter-Munoz,Jamie,Miles,Port Samuel,Bhutan,52938
658,"Smith, King and Lynch",Benjamin,Delgado,Liuland,Guadeloupe,84140
659,Salazar LLC,Kelly,Baker,East Michaelview,Russian Federation,78348
660,George-Weeks,Douglas,Carpenter,Smithfurt,Spain,10404
661,Escobar LLC,Michael,Alvarado,West Peterborough,British Indian Ocean Territory (Chagos Archipelago),34316
662,"Carter, Rodriguez and Allen",Donna,Zimmerman,Port Christopher,Mauritania,71683
663,Green-Hensley,Benjamin,Compton,Littleborough,Japan,79870
664,Thompson-Long,Ernest,Lopez,North Abigailmouth,Jersey,47162
665,Randall-Ali,Scott,Rasmussen,Port Erinfurt,Cayman Islands,90442
666,Cameron-Branch,Jocelyn,Peterson,South Marthaside,Belarus,97374
667,Diaz-Keith,Glenn,Young,Johnsonland,Philippines,11435
668,Cohen-Ortiz,Michael,Flores,South Amyborough,Guam,85642
669,Washington Inc,Jessica,Johnson,Julieberg,Fiji,94828
670,"Berry, Chavez and Thomas",John,Flores,Raymondland,Canada,81033
671,Smith-Jones,Rose,Perkins,Port Robertshire,Angola,96635
672,"Waller, Wallace and Ponce",Jessica,Smith,Jensenberg,Slovenia,15494
673,"Hall, Fisher and Harrison",Anne,Garcia,Aaronberg,Turkey,43552
674,Moore-Allen,Ronald,Harris,Port Karen,Equatorial Guinea,72723
675,"Garcia, Simon and Allen",Hector,Miles,West Traceyton,Moldova,50291
676,Robertson-Hoover,Jason,White,Pughborough,Norway,45043
677,Hopkins-Roberts,William,Brown,Johnsonburgh,French Guiana,90194
678,Ortiz-Cannon,Christian,Gonzales,Williamsmouth,Saint Helena,97329
679,"Anderson, Glover and Hall",Brandy,Greene,Lake Danielle,Portugal,2522
680,Bauer-Jimenez,Brian,Graham,New Amber,South Africa,99857
681,Barnett-Roth,April,Wiggins,West Markbury,Bermuda,38271
682,Wolf PLC,Deborah,Mendoza,Gibsonton,Heard Island and McDonald Islands,29729
683,Webster-Flores,Michael,Blanchard,Nancyton,Norway,9210
684,Barnes Inc,William,Baxter,Velezport,Croatia,51302
685,"Rodriguez, Nguyen and Roberts",Amy,Higgins,West Justinville,Mauritania,94697
686,Diaz-Nelson,Matthew,White,North Amy,Saint Lucia,75076
687,"Davis, Gardner and Thomas",Erica,Johns,New Jake,Chad,63729
688,"Henry, Carey and Wilson",Jeffrey,Webb,East Jonathan,Jersey,56471
689,Brown-Lopez,Jason,Carrillo,Desireeshire,Japan,92103
690,"Price, Shields and Morrison",Patrick,Harrison,East Phillipshire,Uruguay,36707
691,"Byrd, Morrison and Bender",Amanda,Moore,Robertside,Bahrain,29795
692,Thomas Ltd,James,Hall,Cummingsville,El Salvador,95631
693,"Nash, Jones and Smith",Douglas,Mendez,Lake Johnnyview,Iraq,38991
694,Downs PLC,Sharon,Day,Angelafort,Hong Kong,15364
695,"Jones, Jackson and Burton",Nicholas,Chavez,Lake Erinfurt,Israel,10566
696,Green-Adams,Sara,Martin,North Kennethshire,Wallis and Futuna,37566
697,Garcia and Sons,Adam,Roberts,Johnathanville,Pitcairn Islands,50274
698,Johnson Inc,Kimberly,Ross,South Kevin,India,43209
699,Rivas LLC,Joy,Baker,Ramseyshire,Georgia,73623
700,"Knox, Jensen and Riley",Mark,Reynolds,Maynardton,Netherlands Antilles,68275
701,Chapman and Sons,Sara,Turner,West Rhonda,Vanuatu,11225
702,"Porter, Haas and Carter",Virginia,Jenkins,Rhondabury,Syrian Arab Republic,50285
703,Davis-Strong,Richard,Greene,Bondburgh,Holy See (Vatican City State),42026
704,"Miller, Nguyen and Barnett",Betty,Tucker,Ruizstad,Oman,52888
705,"Brown, Mcdonald and Richards",Alex,Smith,Mariefort,Guinea,20624
706,Berry-Alvarez,Timothy,Moore,Rileychester,Venezuela,19432
707,Yang LLC,Allen,Mullins,Mitchellport,Palestinian Territory,65670
708,"Williams, Sanders and Carter",Scott,Day,West Erika,Tuvalu,54760
709,"Roberts, Henderson and Jackson",Vincent,Bonilla,Port Stacy,Brunei Darussalam,5233
710,Avila-Bishop,Tyler,Bishop,Jenniferfort,Azerbaijan,1077
711,Aguirre Inc,Cynthia,Marshall,Juliemouth,Greece,90334
712,Gibson-Stark,Marcus,Carr,Francoville,Turks and Caicos Islands,84446
713,Lee Ltd,Robert,Richards,Haleland,Lao People's Democratic Republic,18783
714,Wall-Lewis,Jennifer,Perkins,Brandyport,Japan,51523
715,Anderson-Henderson,Michael,Coleman,Danielfurt,Cuba,72662
716,"Johnson, Moore and Fernandez",Alexandra,Nguyen,Martinview,Uzbekistan,38619
717,Macias-Turner,James,Berry,Aaronstad,Iceland,9276
718,"Clark, Horton and Robinson",Kimberly,Kelly,Brucemouth,Montenegro,66011
719,Fowler PLC,Brandon,York,Lake Jeremyberg,Macao,80040
720,Byrd Inc,Melissa,Rivera,Gonzalezburgh,Austria,28410
721,Holt-Coleman,Sydney,Salas,West Lisa,Equatorial Guinea,99522
722,Roberts-Cox,Michael,Potts,Hickschester,Netherlands Antilles,50289
723,"Coleman, Kennedy and Perkins",Willie,Diaz,Port Curtis,Bhutan,16296
724,"Rodriguez, Cook and Olsen",Scott,Maldonado,Anthonyberg,Sri Lanka,11059
725,"Cruz, Smith and Lowery",Tiffany,Galvan,Michaelmouth,Mexico,10491
726,Daniels-Carter,Eugene,Cole,Andersonside,Bahrain,15770
727,Moreno LLC,Andrew,Murphy,West Michelle,Wallis and Futuna,30674
728,Lee Inc,Mercedes,Brooks,West Mackenzie,United States Minor Outlying Islands,66703
729,Johnson-Butler,Gabrielle,Vincent,North Philipfurt,Chad,51088
730,Orozco-Taylor,Tonya,Green,Catherineport,Saint Pierre and Miquelon,80185
731,Ross and Sons,Caitlin,Park,Guzmanchester,Eritrea,18766
732,Krause LLC,Betty,Wells,West Pamelamouth,Barbados,41085
733,Massey-Meza,Bradley,Boyd,Lambertmouth,Bahrain,16800
734,Williams-Pearson,Walter,Burch,Adkinsbury,Antigua and Barbuda,16152
735,Blake-Palmer,Steve,Harris,Port Carlosburgh,Zambia,29818
736,Fisher-Reed,John,Parker,West Ryanfort,Papua New Guinea,91721
737,"Hebert, Hubbard and Parks",Thomas,Lopez,South Tiffanyport,Pakistan,87065
738,Castillo PLC,Logan,Proctor,New Stephenburgh,Cyprus,57196
739,Heath-Crane,Paul,Mitchell,Sarahside,Solomon Islands,7148
740,Mitchell-Pacheco,Ashley,Lewis,North Sandraborough,Panama,11386
741,"Cochran, Johnson and Bowers",Matthew,Hunt,Cassandraborough,Sudan,51034
742,Richardson Group,Chris,Mcdowell,Janestad,Turkey,43593
743,Alvarez-Thomas,Brianna,Wolf,Jonesborough,Denmark,63063
744,"Monroe, Bryant and Baker",Wendy,Oliver,East Jennifer,China,72666
745,Jordan-Wilson,Nicholas,Mcdonald,Andrewville,Spain,90660
746,Perkins and Sons,Craig,Lambert,Michaelmouth,Heard Island and McDonald Islands,23020
747,Vasquez-Jarvis,Howard,Hayes,Andersonport,Japan,4626
748,Ramsey LLC,Tracy,Morrison,North Debratown,Panama,66847
749,"Reyes, Carroll and White",Renee,Cruz,Simonbury,Fiji,35324
750,"Whitehead, Lutz and Myers",Katrina,Cline,New Mariafort,Iran,3838
751,Price PLC,Gregory,Lewis,East Catherine,Netherlands,31058
752,"Thornton, Gomez and Walton",Eric,Farrell,New Sandrashire,Togo,9931
753,Carpenter LLC,Sean,Mason,North Neil,Turks and Caicos Islands,64735
754,Coleman and Sons,Clifford,Morse,Floresmouth,Papua New Guinea,63725
755,"Smith, Jimenez and Hughes",Sandra,Evans,West Corystad,Falkland Islands (Malvinas),66116
756,Cantrell and Sons,Karen,Smith,New Jason,Monaco,98639
757,"Hubbard, Rojas and Thompson",Jennifer,Sandoval,South Wayne,Nauru,83473
758,"Duncan, Brown and Murphy",George,Smith,Ferrellport,Guatemala,91268
759,"Davis, Baker and Murphy",Dawn,Turner,Lisaborough,Liechtenstein,93652
760,"Hays, Rodriguez and Rogers",Rose,Levine,Heathborough,Libyan Arab Jamahiriya,8072
761,Burton-Mendoza,Erica,Myers,Pennyshire,Sao Tome and Principe,40860
762,Lewis and Sons,Patricia,Davis,Port Richardstad,Mali,90867
763,Henderson Inc,Cathy,Edwards,North Kristenshire,Bermuda,61292
764,Jackson-Tyler,Michael,Sullivan,Adamsview,Vanuatu,2287
765,Flores PLC,Julie,Klein,New Jessicaton,United States Virgin Islands,17025
766,Robinson-Wilson,Megan,Powell,West Jimmy,Maldives,26749
767,Wolfe Group,Michael,Clay,West Sharon,Tunisia,74554
768,Ferguson Ltd,Nicholas,Villa,East Ashley,Taiwan,72440
769,"Quinn, Gay and Lyons",Kelly,Jones,Sheilachester,Palau,96810
770,"Garcia, Combs and Patterson",Jared,Ball,West James,Belgium,8529
771,Brewer and Sons,Robin,Maddox,South Amyland,Netherlands Antilles,18657
772,Bridges Inc,Vickie,Smith,New Madelineton,Rwanda,77485
773,"Wyatt, Roberts and Sanchez",Jessica,Knapp,Joshuashire,Korea,28168
774,Patterson-Ross,Maria,Perez,Cruzmouth,Australia,3926
775,Barnes PLC,Pamela,Butler,East Michael,Heard Island and McDonald Islands,57276
776,Jones LLC,Deanna,Taylor,Port Matthewside,United Kingdom,42069
777,Moore Group,Mark,Jones,Danielbury,Bhutan,83453
778,"Oliver, Bradley and West",Christopher,Ball,West Angelabury,Honduras,73275
779,Kelly PLC,Stephen,Jones,New Margaretview,Namibia,60733
780,Dalton-Phillips,Jonathan,Lam,Lauramouth,Kenya,65927
781,Lewis-Allen,Alexander,Williams,Nguyenburgh,Guatemala,73503
782,Kim PLC,Kenneth,Walters,Matthewborough,Lithuania,46965
783,Shaw Inc,Jessica,Gilbert,Richardmouth,Burundi,27805
784,Carroll-Manning,Dustin,Gomez,Mirandahaven,Cook Islands,41758
785,"Wang, Hawkins and Carter",Christopher,Robertson,Jimenezberg,Niger,50869
786,Taylor-Walker,Christina,Bartlett,Johnsonbury,United States Virgin Islands,12643
787,Rojas-Hughes,Jill,Campos,Martinhaven,Saint Vincent and the Grenadines,22805
788,"Garrett, Henderson and Mitchell",Becky,Diaz,Smithland,Gabon,96803
789,"Parker, Hughes and May",Jeffrey,Howell,Jessicahaven,French Guiana,44803
790,Evans PLC,Ryan,Wilcox,Burnsmouth,Estonia,18286
791,Wu Inc,Jennifer,Hernandez,East Joseph,Lao People's Democratic Republic,17000
792,Henderson-Myers,Joseph,Armstrong,East Antoniofort,Belarus,22495
793,Calderon PLC,Elizabeth,Gomez,New Christy,Liechtenstein,61210
794,Carroll Group,David,Gardner,Alvaradoville,Belize,92394
795,"Goodman, Dyer and Smith",Brianna,Woods,Johnland,Congo,6247
796,Howard-Orozco,Kimberly,Thomas,West Sharon,Yemen,34314
797,"Taylor, Jensen and Hughes",Valerie,Wu,South Nicholasstad,Tanzania,2575
798,"Torres, Collier and Brown",Ronald,Salas,Lake Tiffanyburgh,New Zealand,24576
799,Sims-Mullins,Veronica,Cruz,South Spencer,Australia,72107
800,Nguyen Ltd,Joseph,Wade,Port Rubenmouth,Ethiopia,95904
801,Branch-Wolf,Jeremy,Davis,New Warren,Korea,18735
802,Swanson Group,Karen,Bishop,Whitefurt,Burkina Faso,56164
803,"Diaz, Garner and Johnson",Russell,Johnson,Holtburgh,Swaziland,83363
804,"Williamson, Taylor and Bishop",Bryan,Taylor,Lopezview,Dominica,60072
805,Miller-Baird,James,Carroll,Allenport,Montenegro,62730
806,"Vaughn, Porter and Perkins",Samantha,Perez,New Xavier,Nauru,85353
807,Schmidt-Williams,Lawrence,Navarro,Chelseachester,Singapore,60978
808,"Grimes, Brown and Jordan",Donald,Trevino,Wardland,Morocco,87623
809,Kim-Mcbride,Patrick,Richards,Lake Julie,Slovakia (Slovak Republic),47395
810,Blackburn-Williams,Amanda,Wolfe,South Anthony,Korea,28270
811,Velasquez-Carter,Laura,Fisher,Lyonsborough,Norfolk Island,94064
812,Costa Group,Angela,Khan,South Daniel,Belize,84488
813,"Gutierrez, Morgan and Wood",Brandon,Rodriguez,Crystalshire,Denmark,41891
814,Hodges and Sons,Steven,Levine,South Stephanie,Bangladesh,21625
815,Rodriguez-Moore,Tiffany,Smith,Leonardport,Croatia,23190
816,"Riddle, Fields and Baker",Carl,Curry,Drakebury,Tanzania,40682
817,Gonzalez-Adams,Gregory,Cook,Johnsonchester,Nicaragua,94491
818,Pena-King,Laurie,Williams,Schroederfurt,Romania,20723
819,"Hensley, Peters and Johns",David,Cole,Erinfort,Algeria,57872
820,"Hughes, Carter and Bean",Angela,Holland,Thomasmouth,Senegal,6875
821,"Lee, Mora and Friedman",Seth,Boyd,Montoyachester,Niue,86858
822,Hendricks-Bennett,Rachel,Lewis,Washingtonshire,Sweden,19833
823,Gomez-Jacobson,Dillon,Lynch,West Gloriahaven,Puerto Rico,35664
824,"Young, Willis and Sexton",Emily,Cooper,West Ronald,Guam,11749
825,Berger Group,Joseph,Meza,Ramosville,Canada,19807
826,"May, Taylor and Robinson",Michael,Hawkins,Lake Amandafurt,Malta,64506
827,Henson Group,Edward,Brooks,Elizabethburgh,Russian Federation,6462
828,Wong Ltd,Samantha,Calderon,New Stephanie,United Arab Emirates,79004
829,Bennett Inc,Lance,Duran,Jonathanland,Kenya,22208
830,Banks-Mckay,Brian,Howard,Cameronberg,Zimbabwe,25770
831,Gray PLC,Michael,Tate,Lake Douglas,Uruguay,29290
832,Cooper-Holmes,Michael,Jackson,East Cindyland,British Indian Ocean Territory (Chagos Archipelago),12286
833,"Reilly, Curtis and Douglas",Dylan,Stewart,Williamsburgh,Vanuatu,35061
834,"Baker, Hoffman and Watson",Caleb,Cole,East Tyler,Slovenia,91651
835,Davis-Reynolds,Linda,Kent,Nelsonville,Italy,96586
836,Lopez-Wright,Madeline,Barnes,Port Timothy,Lesotho,9385
837,Hubbard-Hartman,Lance,Nunez,Stevenstad,Costa Rica,13012
838,Rios-Silva,William,Sosa,Michaelburgh,Zimbabwe,48882
839,Smith Group,Daniel,Rodriguez,West Lisa,Qatar,83278
840,Cervantes-Smith,Kimberly,Warren,Christopherstad,Ghana,42200
841,"Hansen, Day and Walsh",Jason,Richardson,Hayesfurt,Haiti,81582
842,Norris-Lee,Jason,Martinez,Jenniferland,Sri Lanka,2255
843,Reynolds LLC,Jacob,Huff,Catherinefurt,Maldives,75836
844,Lee Ltd,Adam,Fernandez,Avilaton,Djibouti,36735
845,"Davis, Carroll and Garcia",Susan,Washington,East Nancy,Lithuania,68488
846,Vega PLC,Lisa,Shelton,North Zacharyborough,Guatemala,99383
847,Cooper and Sons,Johnny,Marshall,South Sarah,Barbados,90889
848,George LLC,Danielle,Sanchez,Cortezport,Tunisia,15620
849,"Torres, Brown and Green",Marie,Turner,North Amandaborough,Turkey,93227
850,"Ball, Odom and Roberts",Isabella,Barnett,Elizabethmouth,Mongolia,23069
851,Richardson-Perez,Jason,Casey,Murrayland,Singapore,68639
852,Hall LLC,Carlos,Rios,Jeffreychester,New Caledonia,35082
853,Bennett-Gonzales,Alyssa,Fischer,North Kristina,French Polynesia,60799
854,"Braun, Smith and Reeves",Deanna,Meadows,Patriciatown,Micronesia,67570
855,Sutton PLC,Michael,Meyer,North Jenniferport,Slovakia (Slovak Republic),6934
856,Andersen PLC,Wendy,Lloyd,Lake Scott,India,17446
857,"Clark, Browning and Mckinney",Debbie,Flores,East Michael,Serbia,68515
858,"Singh, Gilbert and Owen",Kenneth,Foster,Mollymouth,Italy,89226
859,Arnold LLC,Molly,Ball,Valenciaborough,French Southern Territories,21871
860,"Shaw, Taylor and Webb",Patricia,Yates,West Donald,China,29398
861,"Palmer, Rogers and Gallagher",Jerry,Roberts,South Marissa,Christmas Island,81981
862,"Martinez, Flowers and Chambers",Allison,Burns,Lake Reneetown,Tuvalu,78525
863,"Phillips, Mason and Davis",Barbara,Snyder,Clarkberg,Saint Helena,12161
864,Ellis LLC,Ellen,Brewer,New Joseph,Serbia,71827
865,"Castillo, Torres and Velez",Paula,Fuller,Alexisville,Cambodia,52107
866,Tran Inc,Lindsey,Salazar,East Paige,Brunei Darussalam,90068
867,Dawson and Sons,Christina,Weiss,Washingtonshire,Netherlands,48902
868,Harrison PLC,Elizabeth,Parrish,Lake Kaitlyn,Saint Vincent and the Grenadines,14046
869,"Martin, Thomas and Gilbert",Keith,Jenkins,Riverahaven,Bhutan,84028
870,Ho-Jensen,David,Chavez,Port Kendrashire,Micronesia,44100
871,Miller LLC,Brianna,Miller,Lake Rosefort,Monaco,25625
872,"Carrillo, Mosley and Montgomery",Brett,Luna,Adamsfurt,Saint Vincent and the Grenadines,13726
873,Peterson-James,Shawn,Little,West Andreborough,Jamaica,58296
874,Buck PLC,Chloe,Gilbert,Port David,Macao,78145
875,"Murphy, Wagner and Smith",John,Fowler,Lake Timothyport,China,81339
876,"Bush, Andrade and Macdonald",Jason,Armstrong,Marktown,Equatorial Guinea,28866
877,Holmes-Johnson,Suzanne,Francis,South Allisonbury,British Indian Ocean Territory (Chagos Archipelago),28742
878,Richardson-Thomas,Robert,Thompson,South Christopher,Antarctica (the territory South of 60 deg S),79270
879,"Price, Robinson and Davis",Lauren,Stout,East Michael,Bouvet Island (Bouvetoya),95361
880,Fernandez-Davis,David,Forbes,South Barbara,Cape Verde,7126
881,Pierce-Burke,Brian,Giles,New Williammouth,Trinidad and Tobago,39088
882,"Brown, Pena and Ortiz",Ryan,Ortega,Lake Melissa,Sudan,93764
883,Gutierrez and Sons,Austin,Brown,East Meganside,Kyrgyz Republic,83607
884,"Gillespie, Cook and Johns",Patricia,Davis,Holmestown,Macao,52812
885,Morrow Inc,Nicole,Mcguire,Davisport,Solomon Islands,68208
886,Daugherty PLC,Paul,Williamson,Jesusfurt,Iran,6136
887,Singh and Sons,John,Brown,Olivermouth,Greenland,22174
888,Smith Inc,Lauren,Martinez,Thomaschester,Senegal,92051
889,Anderson-Carroll,Raven,Mckay,New Ryanland,Norfolk Island,34179
890,"Cox, Smith and Charles",Natalie,Wells,Adamtown,Hong Kong,56121
891,Diaz-Harris,Emily,Grant,Baxtershire,Paraguay,27005
892,"Hensley, Good and Green",Rickey,Davis,East Patrickhaven,Costa Rica,60021
893,Jennings Inc,Phillip,Allen,Justinfort,Luxembourg,17165
894,Grant and Sons,Rachel,Roth,Stephanieside,Grenada,32779
895,Mcclure-Gomez,Angela,Garcia,East George,Mauritius,14618
896,"Church, Jones and Mills",Rebecca,Griffith,Lake Elizabeth,Indonesia,77675
897,"Carr, Brown and Hooper",Cody,Dean,South Kathrynhaven,Anguilla,73803
898,"Leon, Morgan and Johnson",Steven,Brown,Davishaven,Pakistan,31943
899,Warner-Hanson,James,Dougherty,Mullinsview,Uzbekistan,57219
900,"Smith, Rojas and Oneal",Edgar,Cervantes,Lake Jacquelineside,Honduras,49875
901,Castillo PLC,Sabrina,Thomas,Michaeltown,Sierra Leone,47838
902,Allen Group,Judy,Campbell,Evanston,Samoa,9063
903,Cook-Burch,William,Ruiz,North Tammystad,Zambia,41418
904,Brewer Inc,Veronica,Richardson,New Samuel,Tokelau,31655
905,"Alvarado, Wright and Wilson",Evan,Ross,Hudsonport,Slovenia,84140
906,Jones-Thornton,Seth,Reed,New Nicole,Qatar,9744
907,Gomez-Mccarty,Joshua,Page,Laurenton,Cambodia,59905
908,Gomez and Sons,Richard,Jordan,North David,French Polynesia,87367
909,Acosta-Walton,Alex,Prince,West Lisa,Botswana,89324
910,"Watts, Watson and Guzman",Rita,Bates,North Anna,American Samoa,95815
911,Stone-Valenzuela,Richard,Ruiz,Port Carrieside,Grenada,86697
912,"Jenkins, Smith and Adams",Lydia,Young,North Jamesport,Australia,65321
913,Miller LLC,Olivia,Anderson,East Karl,Bulgaria,99423
914,Jones LLC,James,Malone,Brewerhaven,Saint Kitts and Nevis,40320
915,Thompson Ltd,Hayley,Savage,Langmouth,Cocos (Keeling) Islands,88341
916,Fox-Sanchez,John,Howe,South Andrewview,Armenia,79586
917,Arroyo Inc,Lisa,Palmer,Lake Ryanburgh,Ethiopia,81474
918,Huang Group,Charles,Garcia,Port Frank,Uruguay,2256
919,Sanders-Smith,Christopher,Page,East Melissa,Niue,29094
920,Jackson-Summers,Holly,Tran,Michellemouth,Cape Verde,82140
921,"Pena, Gutierrez and Fuentes",Marie,Vargas,Jayberg,Jordan,15489
922,"Fields, Davidson and Serrano",Peter,Frank,Joneshaven,Chad,26146
923,Watson Ltd,Deborah,Chambers,Frankshire,Slovenia,61855
924,Alexander Group,Michelle,Hall,South Lisa,Spain,29349
925,Richardson Ltd,Haley,Donaldson,Marymouth,Bangladesh,61883
926,Griffin-Bush,Janet,Burgess,Lesliechester,Chad,27794
927,"Jones, Johnson and Jones",Karina,Grant,Port Peterview,Kiribati,35689
928,Thompson and Sons,Ryan,Cook,Velasquezview,Somalia,15456
929,Smith-Mendoza,Robin,Price,Lake James,Sierra Leone,45245
930,Norris PLC,Albert,Acosta,Elliottborough,Marshall Islands,60065
931,"Hensley, Morton and Martin",Jesus,Mercer,South Carrie,Brunei Darussalam,31125
932,Garcia LLC,Kevin,Myers,West Jennifer,Venezuela,85417
933,"Mcneil, Ford and Smith",Emily,Garner,Port Bryanfurt,Gambia,97724
934,Baker and Sons,Stephanie,Osborne,Kristinton,Kiribati,67129
935,Martinez Group,Julia,Wallace,Johnsonhaven,Montserrat,26051
936,Campbell Group,Sean,Gonzalez,Rubenstad,Trinidad and Tobago,81313
937,Clark-Brown,Andrea,Bell,South Karaberg,Palestinian Territory,64426
938,Ramos-Moore,Michael,Ortiz,North Amber,Palau,66061
939,Harper PLC,Emily,Martin,Barbaramouth,Syrian Arab Republic,30560
940,Sanchez Group,Carrie,Robinson,North Joseph,Andorra,59369
941,"Herrera, James and Edwards",Kathleen,Cook,East Cynthiashire,China,52433
942,Joseph Group,Kevin,Christensen,Steelehaven,Vietnam,68862
943,"Curtis, Watts and Mcclain",Lisa,Henry,Lake Mario,United States Virgin Islands,51699
944,"Murillo, Diaz and Koch",Michael,Moore,New Stephenberg,Congo,77798
945,"Hamilton, Williams and Bailey",Richard,Williams,West Charles,Algeria,71257
946,Harris-Figueroa,Meghan,Wilkerson,Tiffanyfurt,Paraguay,33080
947,Jones PLC,John,Leach,Moralesview,Monaco,84283
948,Thompson-Ferguson,Danielle,Willis,Dianamouth,Gambia,12225
949,"Burton, Kennedy and Bond",Mary,Wong,Dannyhaven,Liberia,32203
950,"Allen, Stark and Guerrero",Joshua,Dixon,Willisstad,Mali,75582
951,Ramirez LLC,Julie,Ruiz,Hobbsview,Aruba,5659
952,"Keith, King and Fields",Michael,Thomas,South Marcus,Romania,95728
953,"Baker, Wallace and Buck",Michael,Velasquez,North Joanne,Lao People's Democratic Republic,53494
954,Williams-Alexander,Michael,Burns,West Jasonland,Equatorial Guinea,29543
955,"Myers, Hoffman and Salazar",Erin,Thomas,Lake Angela,Congo,9531
956,Garcia-Huffman,Joseph,Hendrix,North Samantha,Lithuania,81403
957,Lewis-Allen,Cameron,Goodman,South Sherri,Kazakhstan,91455
958,Walker-Williams,Michael,Perez,Patrickborough,Equatorial Guinea,36668
959,"Williams, Johnson and Sexton",Crystal,Hopkins,Myersborough,Morocco,74347
960,Collins-Rodgers,Laurie,Brown,Noahshire,Panama,93911
961,Shepard LLC,Edward,Reilly,South Mitchell,Antarctica (the territory South of 60 deg S),99218
962,Reynolds PLC,Kevin,Kline,Kellystad,Kiribati,19652
963,Foley PLC,Anthony,Anderson,Laurenland,Angola,19098
964,Joyce LLC,Julia,Kelly,South Kathrynfurt,Morocco,14532
965,Warren Ltd,Deborah,Morgan,East Andreaview,Swaziland,93668
966,Cox LLC,Denise,Thomas,West Joseport,Lesotho,28081
967,"Kelley, Patel and Fisher",Sandra,Matthews,Pughborough,Finland,59260
968,"Gentry, Cole and Cook",Amber,Carter,Andersonfort,American Samoa,88042
969,Davis and Sons,George,Grant,Jackbury,United States of America,84491
970,Bennett-Myers,Jasmine,Bell,North Anthony,Aruba,78157
971,Norton PLC,Katelyn,Williams,West Johnside,Moldova,48962
972,Carlson-Porter,Stacy,Schultz,New Davidshire,Sudan,77955
973,Olson Inc,Mary,Sanders,South Suzanneton,Central African Republic,54950
974,"Ward, Singleton and Reed",Barbara,Stein,West Debraberg,Equatorial Guinea,97870
975,Shaffer-Riley,Joseph,Wise,Robertsmouth,Lithuania,17963
976,Mitchell-Schmidt,Jose,Quinn,Zacharyburgh,Vietnam,59143
977,Collier-Harvey,Levi,Harrison,Brettmouth,Iraq,3437
978,Henderson Inc,Danielle,Walters,Port John,Sao Tome and Principe,39103
979,Gomez PLC,Timothy,Jones,Anthonyville,Mauritania,92808
980,"Adams, Jordan and Wilson",Christine,Dyer,Jessicabury,Montenegro,77380
981,"Carter, Snyder and Vargas",Paige,Flores,Foxshire,American Samoa,44490
982,Bailey PLC,Christine,Sanchez,Williamsonburgh,Niue,73784
983,"Hoffman, Bishop and Wolf",William,Jones,Nicoleburgh,Mongolia,71480
984,Davis-Young,Colleen,Wiley,Lake Cheryl,Sao Tome and Principe,92891
985,"Chapman, Whitaker and Perkins",Heather,Perez,West Patty,Turkey,79960
986,Black-Ramos,James,Lindsey,Riverafurt,Hungary,95272
987,Austin Group,April,Morris,Mollychester,Central African Republic,22996
988,Pearson-Conner,Michelle,Bennett,Bryanbury,Wallis and Futuna,63363
989,"Roberts, Lee and Coleman",Joseph,White,West Aaron,Jordan,17670
990,Lin-Mitchell,Lisa,Robinson,North Samuel,Andorra,2593
991,Barnes-Garza,Lori,Byrd,Cortezshire,Niger,44732
992,"Munoz, Jones and Pham",Darin,Cruz,Carsonview,Belarus,8566
993,May-Martinez,Nathan,Martinez,Munozport,Maldives,89326
994,Riddle-Saunders,Lori,Wilson,Lake Shawn,Ireland,34400
995,Johnson Inc,Miranda,Sanchez,Lake Michelestad,Sweden,93089
996,"Heath, Cruz and Crawford",Diana,Doyle,Bennettmouth,Italy,43264
997,"Rodgers, Williams and Rice",Jennifer,Shelton,New Amy,Ethiopia,10962
998,Lyons Inc,Eric,Munoz,North Christina,Isle of Man,72863
999,Hardy-Mullen,Gregg,White,Ellisfort,Dominican Republic,96669
1000,Russell and Sons,Maria,Villegas,Rileyburgh,Azerbaijan,91169
